sample_id,group
Sample_C1,control
Sample_C2,control
Sample_C3,control
Sample_C4,control
Sample_C5,control
Sample_C6,control
Sample_C7,control
Sample_C8,control
Sample_C9,control
Sample_C10,control
Sample_C11,control
Sample_C12,control
Sample_C13,control
Sample_C14,control
Sample_C15,control
Sample_C16,control
Sample_C17,control
Sample_C18,control
Sample_C19,control
Sample_C20,control
Sample_D1,disease
Sample_D2,disease
Sample_D3,disease
Sample_D4,disease
Sample_D5,disease
Sample_D6,disease
Sample_D7,disease
Sample_D8,disease
Sample_D9,disease
Sample_D10,disease
Sample_D11,disease
Sample_D12,disease
Sample_D13,disease
Sample_D14,disease
Sample_D15,disease
Sample_D16,disease
Sample_D17,disease
Sample_D18,disease
Sample_D19,disease
Sample_D20,disease
